{"name":"0c08bd44-57ab-402e-8a62-d54c7ee688b6","id":"/providers/Microsoft.Flow/flows/0c08bd44-57ab-402e-8a62-d54c7ee688b6","type":"Microsoft.Flow/flows","properties":{"apiId":"/providers/Microsoft.PowerApps/apis/shared_logicflows","displayName":"休暇申請依頼","definition":{"metadata":{"workflowEntityId":null,"creator":{"id":"441bdb9f-990e-4f1a-8a62-8fec6456730b","type":"User","tenantId":"a140c985-e42a-4e3b-9b16-185b1cae09b4"},"provisioningMethod":"FromDefinition","failureAlertSubscription":true,"clientLastModifiedTime":"2020-05-05T20:46:19.1990246Z"},"$schema":"https://schema.management.azure.com/providers/Microsoft.Logic/schemas/2016-06-01/workflowdefinition.json#","contentVersion":"1.0.0.0","parameters":{"$connections":{"defaultValue":{},"type":"Object"},"$authentication":{"defaultValue":{},"type":"SecureObject"}},"triggers":{"manual":{"type":"Request","kind":"PowerApp","inputs":{"schema":{"type":"object","properties":{"承認を作成_Assignedto":{"type":"string","format":"email","description":"Email addresses, separated by a semicolon (;)","x-ms-powerflows-param-ispartial":false},"項目の更新_ID":{"type":"integer","format":"int64","description":"更新する項目を表す一意の識別子","x-ms-powerflows-param-ispartial":false},"項目の更新_UserEmail":{"type":"string","description":"勤怠登録を行ったユーザーのEmail","x-ms-powerflows-param-ispartial":false},"項目の更新_TeamID":{"type":"string","description":"送信を行うTeamsのチームID","x-ms-powerflows-param-ispartial":false},"項目の更新_ChannelID":{"type":"string","description":"送信を行うTeamsのチャネルID","x-ms-powerflows-param-ispartial":false},"項目の更新_PaidHolidays":{"type":"number","format":"double","description":"割り当てられている有給休暇の数","x-ms-powerflows-param-ispartial":false},"項目の更新_AcquisitionPaid":{"type":"number","format":"double","description":"取得した有給の数","x-ms-powerflows-param-ispartial":false},"承認を作成_Details":{"type":"string","description":"Markdown supported (see https://aka.ms/approvaldetails)","x-ms-powerflows-param-ispartial":false}},"required":["承認を作成_Assignedto","項目の更新_ID","項目の更新_UserEmail","項目の更新_TeamID","項目の更新_ChannelID","項目の更新_PaidHolidays","項目の更新_AcquisitionPaid","承認を作成_Details"]}}}},"actions":{"承認を作成":{"runAfter":{},"metadata":{"flowSystemMetadata":{"swaggerOperationId":"CreateAnApproval"}},"type":"ApiConnection","inputs":{"host":{"connection":{"name":"@json(decodeBase64(triggerOutputs().headers['X-MS-APIM-Tokens']))['$connections']['shared_approvals']['connectionId']"},"api":{"runtimeUrl":"https://japan-001.azure-apim.net/apim/approvals"}},"method":"post","body":{"title":"休暇承認依頼","assignedTo":"@triggerBody()['承認を作成_Assignedto']","details":"@triggerBody()['承認を作成_Details']","enableNotifications":true,"enableReassignment":true},"path":"/types/@{encodeURIComponent('Basic')}","authentication":{"type":"Raw","value":"@json(decodeBase64(triggerOutputs().headers['X-MS-APIM-Tokens']))['$ConnectionKey']"}}},"承認を待機":{"runAfter":{"承認を作成":["Succeeded"]},"metadata":{"flowSystemMetadata":{"swaggerOperationId":"WaitForAnApproval"}},"type":"ApiConnectionWebhook","inputs":{"host":{"connection":{"name":"@json(decodeBase64(triggerOutputs().headers['X-MS-APIM-Tokens']))['$connections']['shared_approvals']['connectionId']"},"api":{"runtimeUrl":"https://japan-001.azure-apim.net/apim/approvals"}},"body":{"notificationUrl":"@{listCallbackUrl()}"},"path":"/approvals/@{encodeURIComponent(body('承認を作成')?['name'])}/subscriptions","authentication":{"type":"Raw","value":"@json(decodeBase64(triggerOutputs().headers['X-MS-APIM-Tokens']))['$ConnectionKey']"}}},"条件":{"actions":{"項目の更新":{"runAfter":{},"metadata":{"flowSystemMetadata":{"swaggerOperationId":"PatchItem"}},"type":"ApiConnection","inputs":{"host":{"connection":{"name":"@json(decodeBase64(triggerOutputs().headers['X-MS-APIM-Tokens']))['$connections']['shared_sharepointonline']['connectionId']"},"api":{"runtimeUrl":"https://japan-001.azure-apim.net/apim/sharepointonline"}},"method":"patch","body":{"UserEmail":"@triggerBody()['項目の更新_UserEmail']","TeamID":"@triggerBody()['項目の更新_TeamID']","ChannelID":"@triggerBody()['項目の更新_ChannelID']","PaidHolidays":"@triggerBody()['項目の更新_PaidHolidays']","AcquisitionPaid":"@triggerBody()['項目の更新_AcquisitionPaid']"},"path":"/datasets/@{encodeURIComponent(encodeURIComponent('https://korune.sharepoint.com/sites/msteams_009bd5'))}/tables/@{encodeURIComponent(encodeURIComponent('627f78e7-b040-498f-a768-5addde9c7083'))}/items/@{encodeURIComponent(triggerBody()['項目の更新_ID'])}","authentication":{"type":"Raw","value":"@json(decodeBase64(triggerOutputs().headers['X-MS-APIM-Tokens']))['$ConnectionKey']"}}},"Apply_to_each_2":{"foreach":"@body('承認を待機')?['responses']","actions":{"メッセージをフロー_ボットとしてユーザーに投稿する_2":{"runAfter":{},"metadata":{"flowSystemMetadata":{"swaggerOperationId":"PostUserNotification"}},"type":"ApiConnection","inputs":{"host":{"connection":{"name":"@json(decodeBase64(triggerOutputs().headers['X-MS-APIM-Tokens']))['$connections']['shared_teams']['connectionId']"},"api":{"runtimeUrl":"https://japan-001.azure-apim.net/apim/teams"}},"method":"post","body":{"messageTitle":"休暇申請が承認されました。","recipient":{"to":"@{triggerBody()['項目の更新_UserEmail']};"},"messageBody":"以下の申請が承認されました。@{uriComponentToString('%0A')}\n@{triggerBody()['承認を作成_Details']}\n@{uriComponentToString('%0A')}\n@{items('Apply_to_each_2')?['comments']}"},"path":"/flowbot/actions/notification/recipienttypes/user","authentication":{"type":"Raw","value":"@json(decodeBase64(triggerOutputs().headers['X-MS-APIM-Tokens']))['$ConnectionKey']"}}}},"runAfter":{"項目の更新":["Succeeded"]},"type":"Foreach"}},"runAfter":{"承認を待機":["Succeeded"]},"else":{"actions":{"Apply_to_each":{"foreach":"@body('承認を待機')?['responses']","actions":{"メッセージをフロー_ボットとしてユーザーに投稿する":{"runAfter":{},"metadata":{"flowSystemMetadata":{"swaggerOperationId":"PostUserNotification"}},"type":"ApiConnection","inputs":{"host":{"connection":{"name":"@json(decodeBase64(triggerOutputs().headers['X-MS-APIM-Tokens']))['$connections']['shared_teams']['connectionId']"},"api":{"runtimeUrl":"https://japan-001.azure-apim.net/apim/teams"}},"method":"post","body":{"messageTitle":"休暇申請が却下されました。","recipient":{"to":"@{triggerBody()['項目の更新_UserEmail']};"},"messageBody":"以下の申請が却下されました。@{uriComponentToString('%0A')}\n@{triggerBody()['承認を作成_Details']}\n@{uriComponentToString('%0A')}\n@{items('Apply_to_each')?['comments']}\n@{uriComponentToString('%0A')}\n再申請を行わない場合は予定表の削除をお願いします。@{uriComponentToString('%0A')}\n[予定表を修正する](https://outlook.office.com/calendar/view/month)"},"path":"/flowbot/actions/notification/recipienttypes/user","authentication":{"type":"Raw","value":"@json(decodeBase64(triggerOutputs().headers['X-MS-APIM-Tokens']))['$ConnectionKey']"}}}},"runAfter":{},"type":"Foreach"}}},"expression":{"equals":["@body('承認を待機')?['outcome']","Approve"]},"type":"If"}},"outputs":{}},"connectionReferences":{"shared_approvals":{"connectionName":"shared-approvals-21fe8900-e07e-417b-88f8-6cdbc6ababcf","source":"Invoker","id":"/providers/Microsoft.PowerApps/apis/shared_approvals","tier":"NotSpecified"},"shared_sharepointonline":{"connectionName":"shared-sharepointonl-f452cd62-d20e-4f76-b7b0-008a13f4d6e4","source":"Invoker","id":"/providers/Microsoft.PowerApps/apis/shared_sharepointonline","tier":"NotSpecified"},"shared_teams":{"connectionName":"shared-teams-82da5007-a991-44e8-9206-2a0ff7ca28a2","source":"Invoker","id":"/providers/Microsoft.PowerApps/apis/shared_teams","tier":"NotSpecified"}},"flowFailureAlertSubscribed":false}}