{"name":"9bdf2e0c-8ff8-45ae-9c7d-5d72cbf7d833","id":"/providers/Microsoft.Flow/flows/9bdf2e0c-8ff8-45ae-9c7d-5d72cbf7d833","type":"Microsoft.Flow/flows","properties":{"apiId":"/providers/Microsoft.PowerApps/apis/shared_logicflows","displayName":"勤怠編集申請","definition":{"metadata":{"workflowEntityId":null,"creator":{"id":"441bdb9f-990e-4f1a-8a62-8fec6456730b","type":"User","tenantId":"a140c985-e42a-4e3b-9b16-185b1cae09b4"},"provisioningMethod":"FromDefinition","failureAlertSubscription":true,"clientLastModifiedTime":"2020-05-07T13:12:26.237661Z"},"$schema":"https://schema.management.azure.com/providers/Microsoft.Logic/schemas/2016-06-01/workflowdefinition.json#","contentVersion":"1.0.0.0","parameters":{"$connections":{"defaultValue":{},"type":"Object"},"$authentication":{"defaultValue":{},"type":"SecureObject"}},"triggers":{"manual":{"type":"Request","kind":"PowerApp","inputs":{"schema":{"type":"object","properties":{"承認を作成_Assignedto":{"type":"string","format":"email","description":"Email addresses, separated by a semicolon (;)","x-ms-powerflows-param-ispartial":false},"承認を作成_Details":{"type":"string","description":"Markdown supported (see https://aka.ms/approvaldetails)","x-ms-powerflows-param-ispartial":false},"AttendManage_コンテンツ":{"type":"any","x-ms-powerflows-param-ispartial":false},"WorkingTime_コンテンツ":{"type":"any","x-ms-powerflows-param-ispartial":false},"JSONの解析_コンテンツ":{"type":"any"}},"required":["承認を作成_Assignedto","承認を作成_Details","AttendManage_コンテンツ","WorkingTime_コンテンツ","JSONの解析_コンテンツ"]}}}},"actions":{"承認を作成":{"runAfter":{"DeleteAttendanceManage":["Succeeded"]},"metadata":{"flowSystemMetadata":{"swaggerOperationId":"CreateAnApproval"}},"type":"ApiConnection","inputs":{"host":{"connection":{"name":"@json(decodeBase64(triggerOutputs().headers['X-MS-APIM-Tokens']))['$connections']['shared_approvals']['connectionId']"},"api":{"runtimeUrl":"https://japan-001.azure-apim.net/apim/approvals"}},"method":"post","body":{"title":"勤怠編集申請依頼","assignedTo":"@triggerBody()['承認を作成_Assignedto']","details":"@triggerBody()['承認を作成_Details']","enableNotifications":true,"enableReassignment":true},"path":"/types/@{encodeURIComponent('Basic')}","authentication":{"type":"Raw","value":"@json(decodeBase64(triggerOutputs().headers['X-MS-APIM-Tokens']))['$ConnectionKey']"}}},"承認を待機":{"runAfter":{"承認を作成":["Succeeded"]},"metadata":{"flowSystemMetadata":{"swaggerOperationId":"WaitForAnApproval"}},"type":"ApiConnectionWebhook","inputs":{"host":{"connection":{"name":"@json(decodeBase64(triggerOutputs().headers['X-MS-APIM-Tokens']))['$connections']['shared_approvals']['connectionId']"},"api":{"runtimeUrl":"https://japan-001.azure-apim.net/apim/approvals"}},"body":{"notificationUrl":"@{listCallbackUrl()}"},"path":"/approvals/@{encodeURIComponent(body('承認を作成')?['name'])}/subscriptions","authentication":{"type":"Raw","value":"@json(decodeBase64(triggerOutputs().headers['X-MS-APIM-Tokens']))['$ConnectionKey']"}}},"承認されたか判断":{"actions":{"Apply_to_each":{"foreach":"@body('AttendManage')","actions":{"新規追加か変更か判断(AttendManage)":{"actions":{"AttendManageの更新":{"runAfter":{},"metadata":{"flowSystemMetadata":{"swaggerOperationId":"PatchItem"}},"type":"ApiConnection","inputs":{"host":{"connection":{"name":"@json(decodeBase64(triggerOutputs().headers['X-MS-APIM-Tokens']))['$connections']['shared_sharepointonline']['connectionId']"},"api":{"runtimeUrl":"https://japan-001.azure-apim.net/apim/sharepointonline"}},"method":"patch","body":{"UserEmail":"@items('Apply_to_each')?['UserEmail']","Year":"@items('Apply_to_each')?['Year']","Month":"@items('Apply_to_each')?['Month']","Day":"@items('Apply_to_each')?['Day']","Hour":"@items('Apply_to_each')?['Hour']","Minutes":"@items('Apply_to_each')?['Minutes']","Second":"@items('Apply_to_each')?['Second']","Type":"@items('Apply_to_each')?['Type']","FilterDate":"@items('Apply_to_each')?['FilterDate']"},"path":"/datasets/@{encodeURIComponent(encodeURIComponent('https://korune.sharepoint.com/sites/msteams_009bd5'))}/tables/@{encodeURIComponent(encodeURIComponent('f5a3e091-4165-4310-aae4-f10fb46ebd47'))}/items/@{encodeURIComponent(items('Apply_to_each')?['ID'])}","authentication":{"type":"Raw","value":"@json(decodeBase64(triggerOutputs().headers['X-MS-APIM-Tokens']))['$ConnectionKey']"}}}},"runAfter":{},"else":{"actions":{"AttendManageの作成":{"runAfter":{},"metadata":{"flowSystemMetadata":{"swaggerOperationId":"PostItem"}},"type":"ApiConnection","inputs":{"host":{"connection":{"name":"@json(decodeBase64(triggerOutputs().headers['X-MS-APIM-Tokens']))['$connections']['shared_sharepointonline']['connectionId']"},"api":{"runtimeUrl":"https://japan-001.azure-apim.net/apim/sharepointonline"}},"method":"post","body":{"UserEmail":"@items('Apply_to_each')?['UserEmail']","Year":"@items('Apply_to_each')?['Year']","Month":"@items('Apply_to_each')?['Month']","Day":"@items('Apply_to_each')?['Day']","Hour":"@items('Apply_to_each')?['Hour']","Minutes":"@items('Apply_to_each')?['Minutes']","Second":"@items('Apply_to_each')?['Second']","Type":"@items('Apply_to_each')?['Type']","FilterDate":"@items('Apply_to_each')?['FilterDate']"},"path":"/datasets/@{encodeURIComponent(encodeURIComponent('https://korune.sharepoint.com/sites/msteams_009bd5'))}/tables/@{encodeURIComponent(encodeURIComponent('f5a3e091-4165-4310-aae4-f10fb46ebd47'))}/items","authentication":{"type":"Raw","value":"@json(decodeBase64(triggerOutputs().headers['X-MS-APIM-Tokens']))['$ConnectionKey']"}}}}},"expression":{"not":{"equals":["@items('Apply_to_each')?['ID']","@null"]}},"type":"If"}},"runAfter":{},"type":"Foreach"},"新規追加か変更か判断(WorkingTime)":{"actions":{"WorkingTimeの更新":{"runAfter":{},"metadata":{"flowSystemMetadata":{"swaggerOperationId":"PatchItem"}},"type":"ApiConnection","inputs":{"host":{"connection":{"name":"@json(decodeBase64(triggerOutputs().headers['X-MS-APIM-Tokens']))['$connections']['shared_sharepointonline']['connectionId']"},"api":{"runtimeUrl":"https://japan-001.azure-apim.net/apim/sharepointonline"}},"method":"patch","body":{"UserEmail":"@body('WorkingTime')?['UserEmail']","Year":"@body('WorkingTime')?['Year']","Month":"@body('WorkingTime')?['Month']","Day":"@body('WorkingTime')?['Day']","FilterDate":"@body('WorkingTime')?['FilterDate']","Time":"@body('WorkingTime')?['Time']"},"path":"/datasets/@{encodeURIComponent(encodeURIComponent('https://korune.sharepoint.com/sites/msteams_009bd5'))}/tables/@{encodeURIComponent(encodeURIComponent('ecfd6150-5024-42ab-953c-882f767d6c0c'))}/items/@{encodeURIComponent(body('WorkingTime')?['ID'])}","authentication":{"type":"Raw","value":"@json(decodeBase64(triggerOutputs().headers['X-MS-APIM-Tokens']))['$ConnectionKey']"}}}},"runAfter":{"Apply_to_each":["Succeeded"]},"else":{"actions":{"WorkingTimeの作成":{"runAfter":{},"metadata":{"flowSystemMetadata":{"swaggerOperationId":"PostItem"}},"type":"ApiConnection","inputs":{"host":{"connection":{"name":"@json(decodeBase64(triggerOutputs().headers['X-MS-APIM-Tokens']))['$connections']['shared_sharepointonline']['connectionId']"},"api":{"runtimeUrl":"https://japan-001.azure-apim.net/apim/sharepointonline"}},"method":"post","body":{"UserEmail":"@body('WorkingTime')?['UserEmail']","Year":"@body('WorkingTime')?['Year']","Month":"@body('WorkingTime')?['Month']","Day":"@body('WorkingTime')?['Day']","FilterDate":"@body('WorkingTime')?['FilterDate']","Time":"@body('WorkingTime')?['Time']"},"path":"/datasets/@{encodeURIComponent(encodeURIComponent('https://korune.sharepoint.com/sites/msteams_009bd5'))}/tables/@{encodeURIComponent(encodeURIComponent('ecfd6150-5024-42ab-953c-882f767d6c0c'))}/items","authentication":{"type":"Raw","value":"@json(decodeBase64(triggerOutputs().headers['X-MS-APIM-Tokens']))['$ConnectionKey']"}}}}},"expression":{"not":{"equals":["@body('WorkingTime')?['ID']","@null"]}},"type":"If"},"Apply_to_each_6":{"foreach":"@body('承認を待機')?['responses']","actions":{"メッセージをフロー_ボットとしてユーザーに投稿する_2":{"runAfter":{},"metadata":{"flowSystemMetadata":{"swaggerOperationId":"PostUserNotification"}},"type":"ApiConnection","inputs":{"host":{"connection":{"name":"@json(decodeBase64(triggerOutputs().headers['X-MS-APIM-Tokens']))['$connections']['shared_teams']['connectionId']"},"api":{"runtimeUrl":"https://japan-001.azure-apim.net/apim/teams"}},"method":"post","body":{"messageTitle":"勤怠編集申請が承認されました。","recipient":{"to":"@{body('WorkingTime')?['UserEmail']};"},"messageBody":"以下の申請が承認されました。@{uriComponentToString('%0A')}\n@{triggerBody()['承認を作成_Details']}@{uriComponentToString('%0A')}\n@{uriComponentToString('%0A')}\n@{items('Apply_to_each_6')?['comments']}"},"path":"/flowbot/actions/notification/recipienttypes/user","authentication":{"type":"Raw","value":"@json(decodeBase64(triggerOutputs().headers['X-MS-APIM-Tokens']))['$ConnectionKey']"}}}},"runAfter":{"Apply_to_each_2":["Succeeded"]},"type":"Foreach"},"Apply_to_each_2":{"foreach":"@body('DeleteAttendanceManage')","actions":{"削除する項目があるか判断":{"actions":{"項目の削除":{"runAfter":{},"metadata":{"flowSystemMetadata":{"swaggerOperationId":"DeleteItem"}},"type":"ApiConnection","inputs":{"host":{"connection":{"name":"@json(decodeBase64(triggerOutputs().headers['X-MS-APIM-Tokens']))['$connections']['shared_sharepointonline']['connectionId']"},"api":{"runtimeUrl":"https://japan-001.azure-apim.net/apim/sharepointonline"}},"method":"delete","path":"/datasets/@{encodeURIComponent(encodeURIComponent('https://korune.sharepoint.com/sites/msteams_009bd5'))}/tables/@{encodeURIComponent(encodeURIComponent('f5a3e091-4165-4310-aae4-f10fb46ebd47'))}/items/@{encodeURIComponent(items('Apply_to_each_2')?['Value'])}","authentication":{"type":"Raw","value":"@json(decodeBase64(triggerOutputs().headers['X-MS-APIM-Tokens']))['$ConnectionKey']"}}}},"runAfter":{},"expression":{"not":{"equals":["@items('Apply_to_each_2')?['Value']","@null"]}},"type":"If"}},"runAfter":{"新規追加か変更か判断(WorkingTime)":["Succeeded"]},"type":"Foreach"}},"runAfter":{"承認を待機":["Succeeded"]},"else":{"actions":{"Apply_to_each_4":{"foreach":"@body('承認を待機')?['responses']","actions":{"メッセージをフロー_ボットとしてユーザーに投稿する":{"runAfter":{},"metadata":{"flowSystemMetadata":{"swaggerOperationId":"PostUserNotification"}},"type":"ApiConnection","inputs":{"host":{"connection":{"name":"@json(decodeBase64(triggerOutputs().headers['X-MS-APIM-Tokens']))['$connections']['shared_teams']['connectionId']"},"api":{"runtimeUrl":"https://japan-001.azure-apim.net/apim/teams"}},"method":"post","body":{"messageTitle":"勤怠編集申請が却下されました。","recipient":{"to":"@{body('WorkingTime')?['UserEmail']};"},"messageBody":"以下の申請が却下されました。@{uriComponentToString('%0A')}\n@{triggerBody()['承認を作成_Details']}@{uriComponentToString('%0A')}\n@{uriComponentToString('%0A')}\n@{items('Apply_to_each_4')?['comments']}"},"path":"/flowbot/actions/notification/recipienttypes/user","authentication":{"type":"Raw","value":"@json(decodeBase64(triggerOutputs().headers['X-MS-APIM-Tokens']))['$ConnectionKey']"}}}},"runAfter":{},"type":"Foreach"}}},"expression":{"equals":["@body('承認を待機')?['outcome']","Approve"]},"type":"If"},"AttendManage":{"runAfter":{},"type":"ParseJson","inputs":{"content":"@triggerBody()['AttendManage_コンテンツ']","schema":{"type":"array","items":{"type":"object","properties":{"Day":{"type":"integer"},"FilterDate":{"type":"string"},"Hour":{"type":"integer"},"ID":{"type":"integer"},"Minutes":{"type":"integer"},"Month":{"type":"integer"},"Second":{"type":"integer"},"Type":{"type":"integer"},"UserEmail":{"type":"string"},"Year":{"type":"integer"},"newID":{"type":"integer"}}}}}},"WorkingTime":{"runAfter":{"AttendManage":["Succeeded"]},"type":"ParseJson","inputs":{"content":"@triggerBody()['WorkingTime_コンテンツ']","schema":{"type":"object","properties":{"Day":{"type":"integer"},"FilterDate":{"type":"string"},"ID":{"type":"integer"},"Month":{"type":"integer"},"Time":{"type":"integer"},"UserEmail":{"type":"string"},"Year":{"type":"integer"}}}}},"DeleteAttendanceManage":{"runAfter":{"WorkingTime":["Succeeded"]},"type":"ParseJson","inputs":{"content":"@triggerBody()['JSONの解析_コンテンツ']","schema":{"type":"array","items":{"type":"object","properties":{"Value":{"type":"integer"}}}}}}},"outputs":{}},"connectionReferences":{"shared_approvals":{"connectionName":"shared-approvals-21fe8900-e07e-417b-88f8-6cdbc6ababcf","source":"Invoker","id":"/providers/Microsoft.PowerApps/apis/shared_approvals","tier":"NotSpecified"},"shared_sharepointonline":{"connectionName":"shared-sharepointonl-f452cd62-d20e-4f76-b7b0-008a13f4d6e4","source":"Invoker","id":"/providers/Microsoft.PowerApps/apis/shared_sharepointonline","tier":"NotSpecified"},"shared_teams":{"connectionName":"shared-teams-82da5007-a991-44e8-9206-2a0ff7ca28a2","source":"Invoker","id":"/providers/Microsoft.PowerApps/apis/shared_teams","tier":"NotSpecified"}},"flowFailureAlertSubscribed":false}}