{"schemaVersion":"1.0","appDefinitionTemplate":{"id":"/providers/Microsoft.PowerApps/apps/","type":"Microsoft.PowerApps/apps","tags":{"primaryDeviceWidth":"640","primaryDeviceHeight":"1136","sienaVersion":"20200509T045041Z-3.20043.21.0","deviceCapabilities":"","supportsPortrait":"true","supportsLandscape":"false","primaryFormFactor":"Phone","publisherVersion":"3.20043.21","minimumRequiredApiVersion":"2.2.0","hasComponent":"false","hasUnlockedComponent":"false","isUnifiedRootApp":"false"},"properties":{"appVersion":"2020-05-09T04:50:41Z","lifeCycleId":"Published","createdByClientVersion":{"major":3,"minor":20043,"build":21,"revision":0,"majorRevision":0,"minorRevision":0},"minClientVersion":{"major":3,"minor":20043,"build":21,"revision":0,"majorRevision":0,"minorRevision":0},"backgroundColor":"rgba(0, 176, 240, 1)","backgroundImageUri":"/3112174843124811702/N5f2c973b-f219-4220-9760-2bc4a59fe929-logoSmallFile","displayName":"勤怠報告アプリ【公開用】","description":"","commitMessage":"","appUris":{"documentUri":{"value":"/3112174843124811702/N24098691-0db1-4b68-99bf-17b66e3268c4-document.msapp","readonlyValue":"/3112174843124811702/N24098691-0db1-4b68-99bf-17b66e3268c4-document.msapp"},"imageUris":[]},"createdTime":"0001-01-01T00:00:00Z","lastModifiedTime":"0001-01-01T00:00:00Z","sharedGroupsCount":0,"sharedUsersCount":0,"icons":{"smallIconUri":"/3112174843124811702/Nfeec95cb-3a2d-4327-8057-1c0859049b80-small.png","mediumIconUri":"/3112174843124811702/N6982f9fd-3beb-4595-a3b0-5f329028736e-medium.png","largeIconUri":"/3112174843124811702/N9d1b5b84-2bc1-490e-b0eb-8d03810b41a1-large.png","wideIconUri":"/3112174843124811702/N54828b51-f38d-40df-950d-2b8c1e20c924-wide.png"},"connectionReferences":{"dd67bcc2-ea87-4987-9f65-14e872175610":{"id":"104849d1-40ee-4000-9532-e6f27a6e545d","displayName":"SharePoint","iconUri":"https://connectoricons-prod.azureedge.net/sharepointonline/icon_1.0.1329.1953.png","dataSources":["AttendManage","UserInfo","WorkingTime"],"dependencies":[],"dependents":["f47f3692-0a49-4a3c-bef6-27848cf13e83","0a23113e-25b1-4df4-80af-fc33c190429e"],"parameterHints":{},"isOnPremiseConnection":false,"bypassConsent":false,"dataSets":{"https://korune.sharepoint.com/sites/msteams_009bd5":{"dataSources":{"AttendManage":{"tableName":"f5a3e091-4165-4310-aae4-f10fb46ebd47"},"UserInfo":{"tableName":"627f78e7-b040-498f-a768-5addde9c7083"},"WorkingTime":{"tableName":"ecfd6150-5024-42ab-953c-882f767d6c0c"}}}},"apiTier":"Standard","isCustomApiConnection":false},"37a841f3-2f70-4014-ba0b-3abce1167749":{"id":"84d283f9-6c67-49b9-8c18-f7e21c6a1faa","displayName":"Office 365 ユーザー","iconUri":"https://connectoricons-prod.azureedge.net/office365users/icon_1.0.1335.1964.png","dataSources":["Office365ユーザー"],"dependencies":[],"dependents":[],"parameterHints":{},"isOnPremiseConnection":false,"bypassConsent":false,"dataSets":{},"apiTier":"Standard","isCustomApiConnection":false},"7f847e9a-9109-4093-8707-9c66feba7f35":{"id":"ad316c4b-50ac-45fd-86da-a20d38f8a02e","displayName":"Microsoft Teams","iconUri":"https://connectoricons-prod.azureedge.net/teams/icon_1.0.1335.1964.png","dataSources":["MicrosoftTeams"],"dependencies":[],"dependents":["f47f3692-0a49-4a3c-bef6-27848cf13e83","0a23113e-25b1-4df4-80af-fc33c190429e"],"parameterHints":{},"isOnPremiseConnection":false,"bypassConsent":false,"dataSets":{},"apiTier":"Standard","isCustomApiConnection":false},"3b5696a6-3df6-42f5-aa49-181d92ac5c86":{"id":"b7230b26-93ef-4858-aa0b-4ca93e54a8b7","displayName":"Planner","iconUri":"https://connectoricons-prod.azureedge.net/planner/icon_1.0.1288.1786.png","dataSources":["Planner"],"dependencies":[],"dependents":[],"parameterHints":{},"isOnPremiseConnection":false,"bypassConsent":false,"dataSets":{},"apiTier":"Standard","isCustomApiConnection":false},"8d966cc3-82c9-411d-bf96-bddb49204905":{"id":"d5e38a2d-fe61-4a15-a121-6b453177507d","displayName":"Office 365 Outlook","iconUri":"https://connectoricons-prod.azureedge.net/office365/icon_1.0.1344.1994.png","dataSources":["Office365Outlook"],"dependencies":[],"dependents":[],"parameterHints":{},"isOnPremiseConnection":false,"bypassConsent":false,"dataSets":{},"apiTier":"Standard","isCustomApiConnection":false},"f47f3692-0a49-4a3c-bef6-27848cf13e83":{"id":"d1eb7d44-4bb5-42f2-887d-e0ee6e8943b1","displayName":"Logic flows","iconUri":"https://resourcestackdeploy.blob.core.windows.net/scripts/13276078.png","dataSources":["休暇申請依頼"],"dependencies":["e50340d4-ed97-4a71-9a11-5abc3a0f3baa","dd67bcc2-ea87-4987-9f65-14e872175610","7f847e9a-9109-4093-8707-9c66feba7f35"],"dependents":[],"parameterHints":{"workflowName":{"value":"9c74b507-603f-4d39-a9d1-64959f44bdc2"},"e50340d4-ed97-4a71-9a11-5abc3a0f3baa":{"value":"shared_approvals"},"dd67bcc2-ea87-4987-9f65-14e872175610":{"value":"shared_sharepointonline"},"7f847e9a-9109-4093-8707-9c66feba7f35":{"value":"shared_teams"}},"isOnPremiseConnection":false,"bypassConsent":false,"dataSets":{},"apiTier":"Standard","isCustomApiConnection":false},"e50340d4-ed97-4a71-9a11-5abc3a0f3baa":{"id":"39146c51-b742-48da-baea-5391055184d4","displayName":"承認","iconUri":"https://connectoricons-prod.azureedge.net/approvals/icon_1.0.1346.1996.png","dataSources":[],"dependencies":[],"dependents":["f47f3692-0a49-4a3c-bef6-27848cf13e83","0a23113e-25b1-4df4-80af-fc33c190429e"],"parameterHints":{},"isOnPremiseConnection":false,"bypassConsent":false,"dataSets":{},"apiTier":"Standard","isCustomApiConnection":false},"0a23113e-25b1-4df4-80af-fc33c190429e":{"id":"d1eb7d44-4bb5-42f2-887d-e0ee6e8943b1","displayName":"Logic flows","iconUri":"https://resourcestackdeploy.blob.core.windows.net/scripts/13276078.png","dataSources":["勤怠編集申請"],"dependencies":["e50340d4-ed97-4a71-9a11-5abc3a0f3baa","dd67bcc2-ea87-4987-9f65-14e872175610","7f847e9a-9109-4093-8707-9c66feba7f35"],"dependents":[],"parameterHints":{"workflowName":{"value":"c7deb552-6ba2-4cd8-9155-b611ea26a97a"},"e50340d4-ed97-4a71-9a11-5abc3a0f3baa":{"value":"shared_approvals"},"dd67bcc2-ea87-4987-9f65-14e872175610":{"value":"shared_sharepointonline"},"7f847e9a-9109-4093-8707-9c66feba7f35":{"value":"shared_teams"}},"isOnPremiseConnection":false,"bypassConsent":false,"dataSets":{},"apiTier":"Standard","isCustomApiConnection":false}},"databaseReferences":{},"almMode":"Environment","performanceOptimizationEnabled":false,"canConsumeAppPass":true},"isAppComponentLibrary":false,"appType":"ClassicCanvasApp","appComponents":[]}}